{"cameraMode":{"drawMode":0,"name":"Shaded","section":"Shading Mode"},"sceneLighting":false,"audioPlay":false,"sceneViewState":{"m_AlwaysRefresh":false,"showFog":true,"showSkybox":false,"showFlares":true,"showImageEffects":true,"showParticleSystems":true,"showVisualEffectGraphs":true,"m_FxEnabled":true},"in2DMode":false,"pivot":{"x":-2.1924521923065187,"y":0.8443877696990967,"z":-0.34066319465637209},"rotation":{"x":-0.071896493434906,"y":0.03380388766527176,"z":0.0024381105322390796,"w":0.9968368411064148},"size":2.0521700382232668,"orthographic":false}